population,micro_code,micro_name,longitude,latitude
426640.0,11001,Porto Velho,-64.10481894988725,-9.447687078236708
61321.0,11002,Guajará-Mirim,-64.08363060094595,-11.691507592750389
143809.0,11003,Ariquemes,-62.54269952216536,-9.598527124787664
306896.0,11004,Ji-Paraná,-62.35709856411268,-10.63057645776562
74460.0,11005,Alvorada D'Oeste,-62.83296337309879,-11.599781140933343
227135.0,11006,Cacoal,-61.667509798444506,-11.836902140027274
107857.0,11007,Vilhena,-60.67427382091324,-12.132229452310142
59768.0,11008,Colorado do Oeste,-61.30321841285226,-13.096410377835149
103208.0,12001,Cruzeiro do Sul,-72.89335946515304,-8.313741067576617
58662.0,12002,Tarauacá,-71.24818343686593,-8.829583636668506
39073.0,12003,Sena Madureira,-69.69168022907982,-9.701104011747947
328893.0,12004,Rio Branco,-67.93908451703867,-9.946743839818394
44519.0,12005,Brasiléia,-68.988094133484,-10.71662923531924
75584.0,13001,Rio Negro,-65.13051584936943,-0.3405351543162678
27909.0,13002,Japurá,-67.55640049999398,-1.8678368560259224
206778.0,13003,Alto Solimões,-69.69748943859553,-4.758926196926078
115109.0,13004,Juruá,-68.89264905540163,-6.127841347844037
89176.0,13005,Tefé,-65.46917910770635,-4.019783679808941
127317.0,13006,Coari,-63.22025189250005,-4.12205328347182
1643417.0,13007,Manaus,-60.249428309465,-3.3059309852974765
40307.0,13008,Rio Preto da Eva,-59.923126521780695,-1.5877171864699722
125492.0,13009,Itacoatiara,-58.56097871088345,-3.148101237004816
211402.0,13010,Parintins,-58.19977993755968,-2.90750525204085
44363.0,13011,Boca do Acre,-68.19483933144973,-8.116957347158255
60596.0,13012,Purus,-65.10173848811975,-7.140166899030516
132790.0,13013,Madeira,-60.544117765759225,-6.682303734347118
239904.0,14001,Boa Vista,-62.17207909879157,3.5231404410230613
30751.0,14002,Nordeste de Roraima,-60.21656069417367,3.3773915888786736
31208.0,14003,Caracaraí,-61.72151042123861,1.4842771255322995
35374.0,14004,Sudeste de Roraima,-60.49548079614952,0.3186044682581415
154251.0,15001,Óbidos,-56.89158928761268,-0.1038090378020071
435025.0,15002,Santarém,-54.66491586039483,-1.846111718273956
57383.0,15003,Almeirim,-53.62533367629159,-0.2070695314661294
98110.0,15004,Portel,-51.0154751817136,-2.135071546506336
169473.0,15005,Furos de Breves,-50.37396613498882,-0.8872999872214039
119646.0,15006,Arari,-49.36409156429573,-0.5228280882394161
1908700.0,15007,Belém,-48.49333695652704,-1.36110611571018
232385.0,15008,Castanhal,-48.03146491724927,-1.3831495391378748
220543.0,15009,Salgado,-47.78264819989282,-0.8227653998503498
334713.0,15010,Bragantina,-47.072825143432674,-1.149667241903499
360154.0,15011,Cametá,-49.531455926088974,-2.3495539554838047
218379.0,15012,Tomé-Açu,-48.77785890203841,-2.7306789441118804
370738.0,15013,Guamá,-47.19326810542557,-2.076217382896064
204574.0,15014,Itaituba,-56.42322824773843,-6.451889525317966
229706.0,15015,Altamira,-53.30170733732794,-5.653646124585426
261385.0,15016,Tucuruí,-49.827519904347255,-4.591160355405251
224216.0,15017,Paragominas,-48.00964641793822,-3.8367082888114505
90906.0,15018,São Félix do Xingu,-51.95653835777543,-7.44108864591418
160550.0,15019,Parauapebas,-50.1796218755816,-6.392182274402748
222211.0,15020,Marabá,-49.66830311056766,-5.64073691860452
166141.0,15021,Redenção,-49.58715618316257,-7.094933508182382
102547.0,15022,Conceição do Araguaia,-50.193641806376114,-8.70154182150554
20467.0,16001,Oiapoque,-51.71113413732279,2.8345446181276883
16966.0,16002,Amapá,-50.87674267398634,1.580296856603398
410258.0,16003,Macapá,-51.68501333074668,0.988936707006077
51044.0,16004,Mazagão,-52.85496334703099,0.6556882780916372
178024.0,17001,Bico do Papagaio,-47.89806030686381,-6.037982055721424
234422.0,17002,Araguaína,-48.450017566183135,-7.347005553666611
137622.0,17003,Miracema do Tocantins,-49.00280019940266,-9.119396510125725
104041.0,17004,Rio Formoso,-49.832676598931,-11.342144723099608
122789.0,17005,Gurupi,-48.79212184288193,-12.066231110512414
232417.0,17006,Porto Nacional,-48.14214479415437,-10.105742432151404
62759.0,17007,Jalapão,-47.171291851159694,-9.521497719303238
112821.0,17008,Dianópolis,-47.34484620982779,-12.144744283082174
175196.0,21001,Litoral Ocidental Maranhense,-44.77205843458677,-2.1512847911120057
1098926.0,21002,Aglomeração Urbana de São Luís,-44.214183050355714,-2.5944532386453685
134356.0,21003,Rosário,-44.02957381762475,-2.926852100828216
132829.0,21004,Lençois Maranhenses,-43.07405197016953,-2.732180992984396
489270.0,21005,Baixada Maranhenses,-45.10131574480533,-3.0325241279187165
153479.0,21006,Itapecuru Mirim,-44.100428141934586,-3.612201966023739
185869.0,21007,Gurupi,-46.17017454614216,-2.4838602387728463
558471.0,21008,Pindaré,-45.99931140519029,-3.95537518059337
516307.0,21009,Imperatriz,-47.17076839946967,-5.22039555315479
396052.0,21010,Médio Mearim,-44.78227015949117,-4.37858033748994
269347.0,21011,Alto Mearim e Grajaú,-45.63865265821497,-5.774324022246686
178535.0,21012,Presidente Dutra,-44.23756583394621,-5.330775975041161
122989.0,21013,Baixo Parnaíba Maranhense,-42.49275096301401,-3.178497333521796
181117.0,21014,Chapadinha,-43.27204337859269,-3.62871375170368
243953.0,21015,Codó,-44.00426160787309,-4.388676675285225
75470.0,21016,Coelho Neto,-43.26849216423821,-4.369284458207109
368259.0,21017,Caxias,-43.40517573548179,-5.25904132545757
190210.0,21018,Chapadas do Alto Itapecuru,-44.13536096605844,-6.4018126249900265
90782.0,21019,Porto Franco,-47.125159414859375,-6.939336793044806
107571.0,21020,Gerais de Balsas,-46.31972435985888,-8.4852686727211
61479.0,21021,Chapadas das Mangabeiras,-45.38354971830688,-7.159389345189392
306030.0,22001,Baixo Parnaíba Piauiense,-42.27499991534691,-4.028831832367372
276211.0,22002,Litoral Piauiense,-41.61801523454196,-3.5288181706644823
893917.0,22003,Teresina,-42.589054184174174,-5.097030705983317
211108.0,22004,Campo Maior,-41.598734817228944,-5.191947714367783
125950.0,22005,Médio Parnaíba Piauiense,-42.69423829486232,-6.188755727679057
103869.0,22006,Valença do Piaui,-41.68964047915627,-6.282666007326177
37005.0,22007,Alto Parnaiba Piauiense,-45.0889540931697,-8.285126628906022
38442.0,22008,Bertolinia,-43.97948782232652,-7.752198087866671
119667.0,22009,Floriano,-43.13864179678952,-7.32532405496309
78125.0,22010,Alto Médio Gurguéia,-44.7660795792482,-9.29661850720712
122355.0,22011,São Raimundo Nonato,-42.90369489659074,-8.818986999855927
77298.0,22012,Chapadas do Extremo Sul Piauiense,-44.56388242371507,-10.20839451163862
187050.0,22013,Picos,-41.888858542744224,-6.976057374717598
52767.0,22014,Pio IX,-40.87923379529813,-6.903045504852515
243216.0,22015,Alto Médio Canindé,-41.61778689336632,-7.946277750669254
321656.0,23001,Litoral de Camocim e Acaraú,-40.59786567778915,-3.097636759196079
262973.0,23002,Ibiapaba,-41.00694775432583,-3.873735001658216
51074.0,23003,Coreaú,-40.707311062281946,-3.506677596176532
21114.0,23004,Meruoca,-40.49438525877529,-3.5896845864140983
332412.0,23005,Sobral,-40.20507387435168,-3.735289783088688
137061.0,23006,Ipu,-40.72434590264788,-4.430042960680986
69579.0,23007,Santa Quitéria,-40.12149509240229,-4.3978444926157225
175206.0,23008,Itapipoca,-39.59602650763142,-3.330768644578176
90619.0,23009,Baixo Curu,-39.07707526598576,-3.540183229157568
88013.0,23010,Uruburetama,-39.48059390272123,-3.669859814757464
75543.0,23011,Médio Curu,-39.32025839887661,-3.898806007362737
113282.0,23012,Canindé,-39.39527788656319,-4.375113100730276
173783.0,23013,Baturité,-38.850048494217305,-4.4126469838471385
58065.0,23014,Chorozinho,-38.51953874817278,-4.439736597710695
116676.0,23015,Cascavel,-38.17925501293832,-4.336619154583748
2909748.0,23016,Fortaleza,-38.68120936719016,-3.900405519709053
81000.0,23017,Pacajus,-38.48918609682242,-4.154261930475686
234374.0,23018,Sertão de Crateus,-40.51208929489737,-5.238578378841124
236443.0,23019,Sertão de Quixeramobim,-39.29767018094709,-5.057508672631092
138970.0,23020,Sertão de Inhamuns,-40.27276422498249,-6.254658562436732
208016.0,23021,Sertão de Senador Pompeu,-39.4856766456949,-5.805539235309971
97795.0,23022,Litoral de Aracati,-37.67329110410041,-4.670164464399521
291040.0,23023,Baixo Jaguaribe,-38.189395310146594,-5.0845865442722005
62335.0,23024,Médio Jaguaribe,-38.70385390520864,-5.713238675488402
40267.0,23025,Serra do Pereiro,-38.32697739503259,-5.860342117009042
211442.0,23026,Iguatu,-38.989902760783245,-6.360414215531208
92399.0,23027,Várzea Alegre,-39.53542118124269,-6.643471275382123
55847.0,23028,Lavras da Mangabeira,-38.89104761388958,-6.749517374185199
90032.0,23029,Chapada do Araripe,-40.12143975166422,-7.057477229092883
58087.0,23030,Caririaçu,-39.39485018767638,-6.970565311247706
88689.0,23031,Barro,-38.8206200435017,-7.18672304955815
474939.0,23032,Cariri,-39.430891172189696,-7.292774046780984
89141.0,23033,Brejo Santo,-38.96019664977536,-7.488575555771579
277382.0,24001,Mossoró,-37.31796242708908,-5.128708778649307
70490.0,24002,Chapada do Apodi,-37.68101454468736,-5.594542774608938
37369.0,24003,Médio Oeste,-37.29250038491883,-5.8137833430885415
126202.0,24004,Vale do Açu,-36.90015731505353,-5.578841960906043
59028.0,24005,Serra de São Miguel,-38.40147027890273,-6.251194867815402
112813.0,24006,Pau dos Ferros,-38.09208361688448,-6.152190181622041
63691.0,24007,Umarizal,-37.80554318093181,-6.10546477509961
45144.0,24008,Macau,-36.30557463184304,-5.180154091967687
50644.0,24009,Angicos,-36.33258087904199,-5.596318267804082
61240.0,24010,Serra de Santana,-36.60907247345234,-5.998367734313839
90480.0,24011,Seridó Ocidental,-37.166997164783,-6.489336614973278
115072.0,24012,Seridó Oriental,-36.654532533422575,-6.501569839939385
57457.0,24013,Baixa Verde,-35.914242072609575,-5.465084177116587
126275.0,24014,Borborema Potiguar,-35.99565171719563,-6.179172201066209
208486.0,24015,Agreste Potiguar,-35.58583484611675,-6.087344844383873
76690.0,24016,Litoral Nordeste,-35.616429768753925,-5.336643814486942
247304.0,24017,Macaíba,-35.352904025892336,-5.83200137404691
874487.0,24018,Natal,-35.242882200997975,-5.797483307341009
114990.0,24019,Litoral Sul,-35.17495240427782,-6.357532647732513
107311.0,25001,Catolé do Rocha,-37.59856174594868,-6.355181294045016
157828.0,25002,Cajazeiras,-38.50644414716026,-6.864571703401851
173879.0,25003,Sousa,-37.93855745618041,-6.770263270153406
118552.0,25004,Patos,-37.31970958644558,-7.016489449810842
71505.0,25005,Piancó,-37.89498503441156,-7.183527019006076
83047.0,25006,Itaporanga,-38.35056572951939,-7.471453423072557
108396.0,25007,Serra do Teixeira,-37.75670319737894,-7.506118348866597
36861.0,25008,Seridó Ocidental Paraibano,-36.94918839889026,-6.921396792237248
67596.0,25009,Seridó Oriental Paraibano,-36.429932921591,-6.7371958865502055
113367.0,25010,Cariri Ocidental,-36.87821183727641,-7.71826006989834
60172.0,25011,Cariri Oriental,-36.31804291024309,-7.540528630272948
107846.0,25012,Curimataú Ocidental,-36.108093361269326,-6.85472343738114
93594.0,25013,Curimataú Oriental,-35.693556509243365,-6.613497164929619
48398.0,25014,Esperança,-35.89061944118022,-6.999362163389129
118086.0,25015,Brejo Paraibano,-35.63689446962321,-6.927897163658199
159345.0,25016,Guarabira,-35.43166668075875,-6.829114696294599
467237.0,25017,Campina Grande,-35.96597903630644,-7.288793316009952
106487.0,25018,Itabaiana,-35.49586278309714,-7.279869995401856
54233.0,25019,Umbuzeiro,-35.73815700713567,-7.592545082358708
130118.0,25020,Litoral Norte,-35.13796480026275,-6.72828646318386
123889.0,25021,Sapé,-35.223628670666045,-7.147054878658237
885384.0,25022,João Pessoa,-34.95018810766038,-7.109289297758956
75463.0,25023,Litoral Sul,-34.98068524225544,-7.381823529910464
280201.0,26001,Araripina,-40.138175130272025,-7.796897223746156
152558.0,26002,Salgueiro,-39.24914946107596,-8.029358299794586
297330.0,26003,Pajeú,-37.84170505072698,-7.825806056750378
185784.0,26004,Sertão do Moxotó,-37.60026454118119,-8.412407767764279
358104.0,26005,Petrolina,-40.2456131788054,-8.707960365138115
117480.0,26006,Itaparica,-38.46493325541362,-8.667734224438213
162648.0,26007,Vale do Ipanema,-37.1159996897431,-8.800917335400769
752329.0,26008,Vale do Ipojuca,-36.2990736052908,-8.279087256600347
216626.0,26009,Alto Capibaribe,-36.01308331603397,-7.87359367304286
252975.0,26010,Médio Capibaribe,-35.557262943129935,-7.886083176524931
416234.0,26011,Garanhuns,-36.53422597640286,-8.985538347624798
211712.0,26012,Brejo Pernambucano,-35.9195554096544,-8.51742068297595
506492.0,26013,Mata Setentrional Pernambucana,-35.192894559604255,-7.646876292068142
200017.0,26014,Vitória de Santo Antão,-35.33540767120264,-8.12628740161809
508874.0,26015,Mata Meridional Pernambucana,-35.482561776286786,-8.639937957471304
135954.0,26016,Itamaracá,-34.96027091500475,-7.796301025136684
3033864.0,26017,Recife,-35.020443998449466,-8.046796251775094
216929.0,26018,Suape,-35.086284540266824,-8.359926183750309
2096.0,26019,Fernando de Noronha,-32.42729019952227,-3.857234994483278
87869.0,27001,Serrana do Sertão Alagoano,-37.75440641985697,-9.160915020270968
71060.0,27002,Alagoana do Sertão do São Francisco,-37.89460704100973,-9.445955465350355
166636.0,27003,Santana do Ipanema,-37.39205623976886,-9.438631448286245
88932.0,27004,Batalha,-37.13011243823176,-9.634643538879146
175830.0,27005,Palmeira dos Índios,-36.61701766597015,-9.436816862547252
374824.0,27006,Arapiraca,-36.66467956875161,-9.783182412768811
35010.0,27007,Traipu,-36.9308161284435,-9.94783805275126
143357.0,27008,Serrana dos Quilombos,-36.11101278669358,-9.153261206574166
282234.0,27009,Mata Alagoana,-35.78471394643756,-9.196627211542625
59287.0,27010,Litoral Norte Alagoano,-35.360303326781306,-9.09987263121825
1000524.0,27011,Maceió,-35.81169974803152,-9.563943829837726
252820.0,27012,São Miguel dos Campos,-36.22585323978058,-9.906658355783982
118246.0,27013,Penedo,-36.53320702281788,-10.21840014649776
137687.0,28001,Sergipana do Sertão do São Francisco,-37.55118763078725,-9.960152138633225
62108.0,28002,Carira,-37.609811990841344,-10.444670115219626
58658.0,28003,Nossa Senhora das Dores,-37.164682612048345,-10.375315073321604
146848.0,28004,Agreste de Itabaiana,-37.44120446644787,-10.707835552343784
101416.0,28005,Tobias Barreto,-37.98478764199553,-10.91421285513749
104028.0,28006,Agreste de Lagarto,-37.71353393369576,-10.947697186656104
88837.0,28007,Propriá,-36.76429425707931,-10.283639472347826
40537.0,28008,Cotinguiba,-37.08859529741763,-10.532526207443874
49729.0,28009,Japaratuba,-36.78711840301926,-10.511474333344356
78078.0,28010,Baixo Cotinguiba,-37.0752233869346,-10.749224638021715
692048.0,28011,Aracaju,-37.15496948256027,-10.937742423813331
144457.0,28012,Boquim,-37.70566160524593,-11.27172782517404
112870.0,28013,Estância,-37.40701836686507,-11.228411833857445
210919.0,29001,Barreiras,-45.50937526247444,-11.94365563979212
110650.0,29002,Cotegipe,-44.24890722729803,-11.639365521480302
178948.0,29003,Santa Maria da Vitória,-45.08758583371694,-13.821474091050154
415162.0,29004,Juazeiro,-41.615201955087656,-9.694113731875628
151810.0,29005,Paulo Afonso,-38.84300043640117,-9.219756869864872
160628.0,29006,Barra,-43.12532939206236,-11.14695424676489
161358.0,29007,Bom Jesus da Lapa,-43.53648784183011,-13.366377367736774
266920.0,29008,Senhor do Bonfim,-40.45322351647344,-10.356892707826686
350636.0,29009,Irecê,-41.96686276705511,-11.556266202906182
315375.0,29010,Jacobina,-40.76158281776099,-11.245241423391782
247236.0,29011,Itaberaba,-40.449182441234605,-12.366163885666792
906417.0,29012,Feira de Santana,-39.35252085291617,-12.257255166261286
106964.0,29013,Jeremoabo,-38.34433615113749,-10.008250680619597
295783.0,29014,Euclides da Cunha,-39.218882783150896,-10.50604091877037
294178.0,29015,Ribeira do Pombal,-38.31497236928028,-10.896165755568262
384537.0,29016,Serrinha,-39.31663293373514,-11.523151186109
283973.0,29017,Alagoinhas,-38.29309025906939,-11.775919668307967
105852.0,29018,Entre Rios,-37.84509839671801,-11.90351107965188
190548.0,29019,Catu,-38.319285246349125,-12.402700045169317
510434.0,29020,Santo Antônio de Jesus,-39.0609957682872,-12.829276571446242
3082339.0,29021,Salvador,-38.453609973498864,-12.783284624248177
180205.0,29022,Boquira,-42.55231661405193,-12.632830385190934
253852.0,29023,Seabra,-41.45753943089903,-12.927292986327512
517694.0,29024,Jequié,-40.199668187299714,-13.469821853098418
92180.0,29025,Livramento do Brumado,-42.04648684202325,-13.603164828442928
355645.0,29026,Guanambi,-42.893239542278,-14.249700108862816
264556.0,29027,Brumado,-41.61707842186086,-14.513266142188384
628202.0,29028,Vitória da Conquista,-40.62922270296153,-14.65321936565774
211576.0,29029,Itapetinga,-40.36403679364491,-15.478348454505891
238648.0,29030,Valença,-39.18678837339643,-13.716880811688185
1091461.0,29031,Ilhéus-Itabuna,-39.4297205459228,-14.963517390131424
649428.0,29032,Porto Seguro,-39.744481174395695,-17.09162840761301
139528.0,31001,Unaí,-46.46188657762014,-15.912839414552382
199217.0,31002,Paracatu,-46.3404678396172,-17.63029495118576
259009.0,31003,Januária,-44.70594646383536,-15.282125929793454
240080.0,31004,Janaúba,-43.16692839583267,-15.425722500451345
201399.0,31005,Salinas,-42.152151954930986,-15.704928228778858
155685.0,31006,Pirapora,-45.12509936364664,-17.11976808493561
545838.0,31007,Montes Claros,-44.08288641938674,-16.35881937830166
40815.0,31008,Grão Mogol,-42.99962072292917,-16.65926127710829
63638.0,31009,Bocaiúva,-43.80250487878609,-17.35823155054496
81808.0,31010,Diamantina,-43.55204184425436,-18.086256143516948
187758.0,31011,Capelinha,-42.67665520562851,-17.44868371634032
151726.0,31012,Araçuaí,-41.87107918478217,-16.926977541914642
83707.0,31013,Pedra Azul,-41.44356133443629,-16.173819519330465
172680.0,31014,Almenara,-40.69774345916536,-16.332512787709017
258160.0,31015,Teófilo Otoni,-41.51143065697083,-17.764798092645037
118602.0,31016,Nanuque,-40.75858598090357,-17.453631543379725
133005.0,31017,Ituiutaba,-49.88588304139948,-18.967245845869808
717876.0,31018,Uberlândia,-48.63308039361856,-18.92686355760589
187086.0,31019,Patrocínio,-47.20353003783255,-18.723407393868257
236231.0,31020,Patos de Minas,-46.230700233962686,-18.89750567739009
155171.0,31021,Frutal,-49.82716460873881,-19.698279604913
295303.0,31022,Uberaba,-48.1428986765061,-19.701316643480133
175336.0,31023,Araxá,-47.02799907670586,-19.61260741530393
89669.0,31024,Três Marias,-45.21308785174675,-18.776231813836624
144074.0,31025,Curvelo,-44.39989068374364,-18.43034753000483
150417.0,31026,Bom Despacho,-45.46904450003522,-19.62863957147404
354160.0,31027,Sete Lagoas,-44.10778953887367,-19.278993190369967
88334.0,31028,Conceição do Mato Dentro,-43.364509232991736,-18.77857013397036
108809.0,31029,Pará de Minas,-44.69164125917275,-19.725172402509173
4352377.0,31030,Belo Horizonte,-44.04350855014266,-19.90125287397449
354924.0,31031,Itabira,-43.17625929738113,-19.732231300663795
58274.0,31032,Itaguara,-44.26952687107296,-20.37144911023828
157046.0,31033,Ouro Preto,-43.516779924172496,-20.348442763327643
223587.0,31034,Conselheiro Lafaiete,-43.87901091230256,-20.66895784560911
128187.0,31035,Guanhães,-42.86057311120326,-18.749507710463607
83915.0,31036,Peçanha,-42.45105143318344,-18.242296749027304
398324.0,31037,Governador Valadares,-41.85169186854431,-18.64956168274824
61342.0,31038,Mantena,-41.208605008734885,-18.64887906782839
481554.0,31039,Ipatinga,-42.60271306547246,-19.36978025850422
241444.0,31040,Caratinga,-42.11639502753674,-19.575695792743844
147421.0,31041,Aimorés,-41.38451094099892,-19.492312278017472
77692.0,31042,Piuí,-46.19106396921903,-20.140437714388888
401149.0,31043,Divinópolis,-44.938230580566426,-20.1056911677068
146172.0,31044,Formiga,-45.43140287954462,-20.462920436825904
106660.0,31045,Campo Belo,-45.314016129543056,-20.87772222390663
120467.0,31046,Oliveira,-44.74924361098353,-20.77075177512243
212920.0,31047,Passos,-46.68565887862148,-20.60118256460763
256985.0,31048,São Sebastião do Paraíso,-46.73285043703028,-21.158563237947096
212176.0,31049,Alfenas,-46.027907545175495,-21.37430549515477
413175.0,31050,Varginha,-45.529654112504886,-21.32625292874035
314362.0,31051,Poços de Caldas,-46.41403279643117,-21.99785125084757
287740.0,31052,Pouso Alegre,-46.09962956424688,-22.47156769034701
129797.0,31053,Santa Rita do Sapucaí,-45.67089726952279,-22.10388435746265
198611.0,31054,São Lourenço,-44.99030086629464,-22.095600076084352
73906.0,31055,Andrelândia,-44.44626431289419,-21.89204570975253
183503.0,31056,Itajubá,-45.423939544042895,-22.4293709661908
136312.0,31057,Lavras,-44.90596493474117,-21.367835272475634
172469.0,31058,São João Del Rei,-44.29697980853288,-21.151641087500508
207972.0,31059,Barbacena,-43.764630324409005,-21.19697298612737
189573.0,31060,Ponte Nova,-42.71631336820043,-20.253190311288865
253576.0,31061,Manhuaçu,-42.03260788070159,-20.228351524499224
217284.0,31062,Viçosa,-43.04623948794092,-20.770576629652524
263145.0,31063,Muriaé,-42.26583468223476,-20.88521883039333
245256.0,31064,Ubá,-43.02523379720707,-21.14116623525017
673745.0,31065,Juiz de Fora,-43.48332321028893,-21.747678335789825
208933.0,31066,Cataguases,-42.60964182597627,-21.556182110684134
86197.0,32001,Barra de São Francisco,-40.85637375099727,-18.4393678561624
115960.0,32002,Nova Venécia,-40.539127588669125,-18.74289250900774
186911.0,32003,Colatina,-40.74421279821449,-19.36436886080576
50766.0,32004,Montanha,-40.32326820488967,-18.20515112429694
160770.0,32005,São Mateus,-39.97297396724863,-18.64560188223791
254413.0,32006,Linhares,-40.14407662174688,-19.444816848069053
126463.0,32007,Afonso Cláudio,-41.03010554707298,-20.204414405815115
99446.0,32008,Santa Teresa,-40.71567039168172,-19.94233138054372
1371048.0,32009,Vitória,-40.38317496183672,-20.271435741387823
163563.0,32010,Guarapari,-40.7305399176263,-20.65263361969008
154319.0,32011,Alegre,-41.59183758280063,-20.53257274923107
315537.0,32012,Cachoeiro de Itapemirim,-41.29132236745812,-20.84996369092671
69623.0,32013,Itapemirim,-40.99824468819442,-21.061044388501973
181619.0,33001,Itaperuna,-41.85827757956222,-21.15260419714976
118895.0,33002,Santo Antônio de Pádua,-42.06654967208065,-21.535427102029285
529467.0,33003,Campos dos Goytacazes,-41.40369338258972,-21.66870747686697
178008.0,33004,Macaé,-41.7724139481577,-22.20895342368865
145926.0,33005,Três Rios,-43.09639339410764,-22.11462502088321
58982.0,33006,Cantagalo-Cordeiro,-42.39440157679543,-21.904958416700943
221644.0,33007,Nova Friburgo,-42.50794988563844,-22.214923347004763
28695.0,33008,Santa Maria Madalena,-42.03379879038087,-22.002749540104464
83506.0,33009,Bacia de São João,-42.27071967393864,-22.52711872117246
398142.0,33010,Lagos,-42.2337289661506,-22.788767339325226
631596.0,33011,Vale do Paraíba Fluminense,-44.233564663389785,-22.548628885052345
164335.0,33012,Barra do Piraí,-43.80728990245933,-22.266275182719063
153515.0,33013,Baía da Ilha Grande,-44.54065531031493,-23.07281263433552
152759.0,33014,Vassouras,-43.55411528849534,-22.443465175607525
450044.0,33015,Serrana,-43.00687413602434,-22.3333323353456
99617.0,33016,Macacu-Caceribu,-42.68271567584716,-22.58719458462971
176842.0,33017,Itaguaí,-43.8689769919541,-22.85913145531989
10784953.0,33018,Rio de Janeiro,-43.22143781769895,-22.77629893795281
147282.0,35001,Jales,-50.72813667603842,-20.22086058039245
101011.0,35002,Fernandópolis,-50.27384547523636,-20.153006965006124
127667.0,35003,Votuporanga,-49.86131864192316,-20.233732103977815
684117.0,35004,São José do Rio Preto,-49.41658769196513,-20.69314188180535
204778.0,35005,Catanduva,-48.902947934654726,-21.071308020782205
44197.0,35006,Auriflama,-50.39848014322377,-20.6576623916378
58913.0,35007,Nhandeara,-49.8764566224605,-20.764921766762956
72624.0,35008,Novo Horizonte,-49.26648069227974,-21.363081958381606
127698.0,35009,Barretos,-48.66041329169583,-20.48350458685648
193357.0,35010,São Joaquim da Barra,-48.12692619366553,-20.503646234113106
90779.0,35011,Ituverava,-47.7581220890149,-20.26000102844152
357501.0,35012,Franca,-47.41668377064807,-20.46528981615154
390699.0,35013,Jaboticabal,-48.44555359072927,-21.14331453686057
881285.0,35014,Ribeirão Preto,-47.75467016543925,-21.331797170747148
99164.0,35015,Batatais,-47.38988614716025,-21.06611641063148
174896.0,35016,Andradina,-51.25874212442757,-20.812506536189595
235915.0,35017,Araçatuba,-50.71840289666807,-21.126686046417237
231717.0,35018,Birigui,-50.24677753721235,-21.379685517858523
148583.0,35019,Lins,-49.75940249456271,-21.67049411718396
522632.0,35020,Bauru,-49.21067244393718,-22.262808359957067
315473.0,35021,Jaú,-48.62025719150196,-22.27687656504685
161284.0,35022,Avaré,-48.93245527777449,-23.196376335912596
183633.0,35023,Botucatu,-48.36327396075948,-22.88511215604456
454811.0,35024,Araraquara,-48.52390598762916,-21.70332268726853
277636.0,35025,São Carlos,-47.88899886816064,-21.96672403552124
221680.0,35026,Rio Claro,-47.88902532399919,-22.318007186574857
519378.0,35027,Limeira,-47.35580093885184,-22.39165974674528
501219.0,35028,Piracicaba,-47.76969106865629,-22.769342523725857
168968.0,35029,Pirassununga,-47.278391733072624,-21.9645210122407
399885.0,35030,São João da Boa Vista,-46.9115300900703,-21.721042872041394
347966.0,35031,Moji Mirim,-46.97015148492444,-22.38379836450356
2257640.0,35032,Campinas,-47.16620791582141,-22.87675306941161
163928.0,35033,Amparo,-46.63246941911519,-22.662209634343085
108053.0,35034,Dracena,-51.640696563710215,-21.402401890100435
151211.0,35035,Adamantina,-51.047022376421445,-21.651118899876604
550832.0,35036,Presidente Prudente,-51.731359095587024,-22.203465534692
109273.0,35037,Tupã,-50.471446982879456,-21.914189217721297
314123.0,35038,Marília,-49.9560078750321,-22.23509124178714
249792.0,35039,Assis,-50.545642700452376,-22.59484058495294
274456.0,35040,Ourinhos,-49.578423445575545,-22.988939186642863
235566.0,35041,Itapeva,-49.04511542402905,-23.86657868850473
167321.0,35042,Itapetininga,-48.23509527259312,-23.539481119161078
215580.0,35043,Tatuí,-47.91020290041761,-23.215308632265447
142484.0,35044,Capão Bonito,-48.647139005296616,-24.32458991244161
181912.0,35045,Piedade,-47.585397210059405,-23.87046993198105
1157340.0,35046,Sorocaba,-47.41905689559853,-23.43574931381035
540515.0,35047,Jundiaí,-46.93398826131785,-23.17783374403073
428659.0,35048,Bragança Paulista,-46.5122429965808,-23.023965405831927
65715.0,35049,Campos do Jordão,-45.6822154457887,-22.790916321221687
1257394.0,35050,São José dos Campos,-45.761303561812085,-23.09517439826445
378282.0,35051,Guaratinguetá,-45.08902977399103,-22.710562981960283
25670.0,35052,Bananal,-44.56928659739285,-22.724041313716537
70874.0,35053,Paraibuna - Paraitinga,-45.284759087893,-23.250143521694856
233271.0,35054,Caraguatatuba,-45.31343415656158,-23.605392864812544
246320.0,35055,Registro,-47.88606912326452,-24.571952554496328
189047.0,35056,Itanhaém,-47.004834329096994,-24.173076332892062
1638611.0,35057,Osasco,-46.90575106760306,-23.453230144173617
386951.0,35058,Franco da Rocha,-46.6421816826856,-23.32229895329601
1212081.0,35059,Guarulhos,-46.337503475948665,-23.346554704842056
836486.0,35060,Itapecerica da Serra,-46.94927549082521,-23.819377844737478
12886203.0,35061,São Paulo,-46.59435235915196,-23.68804817400748
1167738.0,35062,Mogi das Cruzes,-46.09479775598441,-23.560011555080575
1340030.0,35063,Santos,-46.2510469079884,-23.863666138386748
258537.0,41001,Paranavaí,-52.79151193760959,-22.94726110250261
254660.0,41002,Umuarama,-53.517057413926594,-23.72962223846077
125932.0,41003,Cianorte,-52.75206914130327,-23.611584289962128
126333.0,41004,Goioerê,-52.86180584194336,-24.421347260501975
215084.0,41005,Campo Mourão,-52.319127250614,-24.145584808693823
173321.0,41006,Astorga,-51.85293378662119,-23.00734486702244
83065.0,41007,Porecatu,-51.235565199451486,-22.913289073495328
33793.0,41008,Floraí,-52.20520909739214,-23.518090494618317
461658.0,41009,Maringá,-51.89143237403769,-23.468295969634152
255598.0,41010,Apucarana,-51.44162634048275,-23.61210820448265
650635.0,41011,Londrina,-51.17645374501436,-23.4419145698106
47100.0,41012,Faxinal,-51.51654530465,-23.9015563881426
145879.0,41013,Ivaiporã,-51.56359991995748,-24.352277093693527
72801.0,41014,Assaí,-50.81715109471708,-23.482736464608934
182716.0,41015,Cornélio Procópio,-50.53325777061958,-23.23500904860502
119527.0,41016,Jacarezinho,-49.99936151653409,-23.227840680964366
74740.0,41017,Ibaiti,-50.3509589842181,-23.840999375262697
97384.0,41018,Wenceslau Braz,-49.80939756063558,-23.675506118071567
146951.0,41019,Telêmaco Borba,-50.67650151881543,-24.409005186292045
95702.0,41020,Jaguariaíva,-49.76165656653394,-24.2890130219806
389567.0,41021,Ponta Grossa,-49.99324206284715,-25.054077060057317
343038.0,41022,Toledo,-53.90771449346682,-24.542400134464724
400369.0,41023,Cascavel,-53.22159913537825,-25.033924703203333
409389.0,41024,Foz do Iguaçu,-54.09336435622164,-25.299818956006224
93301.0,41025,Capanema,-53.62462626541047,-25.77584520889037
227330.0,41026,Francisco Beltrão,-53.20533555607469,-25.96011495519537
151156.0,41027,Pato Branco,-52.62996357972524,-25.97278789117563
84360.0,41028,Pitanga,-51.974721332060525,-24.80500686412751
366937.0,41029,Guarapuava,-51.9482974075687,-25.43919293231465
85477.0,41030,Palmas,-52.04509737696549,-26.250068192137302
118695.0,41031,Prudentópolis,-50.794064557904576,-25.162370490449437
92262.0,41032,Irati,-50.79289677374538,-25.67734825541092
112745.0,41033,União da Vitória,-51.24621037432516,-26.150129368580235
56753.0,41034,São Mateus do Sul,-50.33908518111453,-25.850259476515724
29264.0,41035,Cerro Azul,-49.1285697131957,-24.782730638328445
46553.0,41036,Lapa,-49.858069123700695,-25.750093302335888
2742403.0,41037,Curitiba,-49.25721354711765,-25.33827380601848
243016.0,41038,Paranaguá,-48.59082852530184,-25.46783746565529
80678.0,41039,Rio Negro,-49.43656918164174,-25.98988495622216
169166.0,42001,São Miguel do Oeste,-53.50804347099972,-26.712602393736564
363410.0,42002,Chapecó,-52.95761796332436,-26.814927061226182
143697.0,42003,Xanxerê,-52.28937387714536,-26.71293958625425
308603.0,42004,Joaçaba,-51.25586503711125,-26.915379659255425
137625.0,42005,Concórdia,-52.08208403451569,-27.18102758251615
233832.0,42006,Canoinhas,-50.28826255727381,-26.41195160507768
117859.0,42007,São Bento do Sul,-49.385010197666496,-26.285720735599824
696902.0,42008,Joinville,-48.933274521922655,-26.333717841713632
117269.0,42009,Curitibanos,-50.78535263228866,-27.28464553700593
285702.0,42010,Campos de Lages,-50.2127892283923,-27.93626600428717
183582.0,42011,Rio do Sul,-49.84040536693355,-27.08226442244438
559927.0,42012,Blumenau,-49.21791493783503,-26.89820614534333
420037.0,42013,Itajaí,-48.73578191656545,-26.897251123576204
51163.0,42014,Ituporanga,-49.5599769995064,-27.46236156136472
70517.0,42015,Tijucas,-49.001534669722176,-27.39352554680038
730719.0,42016,Florianópolis,-48.69804558805106,-27.66494552646107
23246.0,42017,Tabuleiro,-49.12718074869312,-27.797390989682757
342507.0,42018,Tubarão,-49.0625189133541,-28.311804916491432
330309.0,42019,Criciúma,-49.430877039864725,-28.618691396088405
162664.0,42020,Araranguá,-49.73333568987244,-28.986203049264027
161762.0,43001,Santa Rosa,-54.54473232393955,-27.76619123883555
148851.0,43002,Três Passos,-53.95662114948266,-27.48159764669499
182754.0,43003,Frederico Westphalen,-53.16808426248589,-27.441523442663517
213941.0,43004,Erechim,-52.33210991716631,-27.61128496128441
61887.0,43005,Sananduva,-51.67652581382271,-27.82039203734637
69338.0,43006,Cerro Largo,-54.84674150705209,-28.09486434645829
208471.0,43007,Santo Ângelo,-54.763900715095794,-28.413956019896112
180391.0,43008,Ijuí,-53.75893785615085,-28.1727544515932
159550.0,43009,Carazinho,-53.10005259763296,-28.00779701905036
303649.0,43010,Passo Fundo,-52.20421779231603,-28.26124141103313
156504.0,43011,Cruz Alta,-53.42471096325963,-28.73929108833216
41478.0,43012,Não-Me-Toque,-52.85493791565285,-28.539920932358573
72061.0,43013,Soledade,-52.5567961853185,-28.95450413953205
116877.0,43014,Guaporé,-51.86941326098328,-28.782600447649404
154726.0,43015,Vacaria,-50.7382186827957,-28.64986750017793
667848.0,43016,Caxias do Sul,-51.30739221418046,-29.07687562794568
111859.0,43017,Santiago,-54.35988779017372,-29.103228818419748
353830.0,43018,Santa Maria,-54.21790487163713,-29.825467034575627
66619.0,43019,Restinga Seca,-53.38852945070995,-29.713672462798566
302141.0,43020,Santa Cruz do Sul,-52.6811706349496,-29.516860127569657
280885.0,43021,Lajeado-Estrela,-51.99993303501078,-29.375809065149785
157817.0,43022,Cachoeira do Sul,-52.74145896637446,-30.09325720324801
180991.0,43023,Montenegro,-51.42626492716615,-29.56048569686424
267374.0,43024,Gramado-Canela,-50.82575883252012,-29.51829286820902
133485.0,43025,São Jerônimo,-51.868611925604526,-30.115940673138077
3479683.0,43026,Porto Alegre,-51.11129248886037,-30.021595600453256
293115.0,43027,Osório,-50.44109153816971,-30.176479257190568
124840.0,43028,Camaquã,-51.73914694962092,-30.70766503360116
383693.0,43029,Campanha Ocidental,-56.03622843972534,-29.55053029384838
195749.0,43030,Campanha Central,-55.01458728563311,-30.48768634436173
173811.0,43031,Campanha Meridional,-54.25832626365002,-31.168263700542703
117323.0,43032,Serras de Sudeste,-53.12450070144244,-30.995299704522854
478702.0,43033,Pelotas,-52.46012891795903,-31.39368740511303
56613.0,43034,Jaguarão,-53.26388497059224,-32.16648269529265
251201.0,43035,Litoral Lagunar,-52.670790261747726,-32.720414956754595
125591.0,50001,Baixo Pantanal,-56.86627109941852,-19.274174156367412
99375.0,50002,Aquidauana,-55.955082969348936,-20.001947987220145
105817.0,50003,Alto Taquari,-54.36955217267148,-18.57893292790763
740422.0,50004,Campo Grande,-54.60393428247236,-20.49315434445652
48351.0,50005,Cassilândia,-52.83148130036795,-18.81755243373544
71542.0,50006,Paranaíba,-51.718291220444286,-19.76049134729305
127501.0,50007,Três Lagoas,-52.93180713647737,-20.53086365788807
75167.0,50008,Nova Andradina,-53.08190617739508,-22.07344097274305
101756.0,50009,Bodoquena,-56.45161794687776,-21.381933412108776
413372.0,50010,Dourados,-55.01452068294368,-22.206672417580737
202142.0,50011,Iguatemi,-54.34346302307684,-23.110308074328803
100213.0,51001,Aripuanã,-59.55953652154701,-10.567676857213804
90007.0,51002,Alta Floresta,-57.49565981753688,-9.33929352930316
128571.0,51003,Colíder,-54.77517679050899,-10.155400308911313
65418.0,51004,Parecis,-58.69855440988943,-13.398050258918468
69745.0,51005,Arinos,-57.15839369070077,-11.69971180543478
107597.0,51006,Alto Teles Pires,-55.99226045981143,-13.063084257566755
138713.0,51007,Sinop,-54.63092465860859,-11.775615489084608
28656.0,51008,Paranatinga,-53.9752384939484,-13.562854525266092
91213.0,51009,Norte Araguaia,-51.89759214397318,-11.325943789784912
80545.0,51010,Canarana,-52.65542659466808,-14.07242669449061
61738.0,51011,Médio Araguaia,-51.57459657325256,-14.357752920116768
61201.0,51012,Alto Guaporé,-59.693879407918885,-14.987476847211145
116688.0,51013,Tangará da Serra,-57.95366067363594,-14.70066830745458
105104.0,51014,Jauru,-58.57432697025481,-15.580572385007684
31730.0,51015,Alto Paraguai,-56.958221433877256,-14.554312147592825
31437.0,51016,Rosário Oeste,-55.93096540068064,-14.766620645527924
758596.0,51017,Cuiabá,-55.75180392020922,-15.888408111433629
125890.0,51018,Alto Pantanal,-57.19217736197204,-16.625373801514854
61681.0,51019,Primavera do Leste,-54.565878397092334,-15.214095885158052
53302.0,51020,Tesouro,-53.489081484018406,-16.015855446596028
228173.0,51021,Rondonópolis,-54.62841698130851,-16.70414993528052
24366.0,51022,Alto Araguaia,-53.48730931979606,-17.30358648038484
74377.0,52001,São Miguel do Araguaia,-50.28718305613987,-13.958945898273166
91753.0,52002,Rio Vermelho,-50.80769203451724,-15.424417433001912
53650.0,52003,Aragarças,-51.87089375195403,-16.18761469748146
224697.0,52004,Porangatu,-48.90557087920559,-13.947177183644174
56915.0,52005,Chapada dos Veadeiros,-47.42333542729455,-13.807254290120897
212620.0,52006,Ceres,-49.49196947811546,-15.114005152455698
472083.0,52007,Anápolis,-49.45392458767059,-16.046751737319802
62310.0,52008,Iporá,-50.913812824642605,-16.392466458645217
102235.0,52009,Anicuns,-50.19091911646464,-16.435820050268305
1742120.0,52010,Goiânia,-49.20510317947004,-16.771667022077676
92682.0,52011,Vão do Paranã,-46.55365930017579,-14.202892702445704
856301.0,52012,Entorno de Brasília,-47.94827749499132,-15.768443287861237
351130.0,52013,Sudoeste de Goiás,-51.922068925506565,-17.65790061968215
102543.0,52014,Vale do Rio dos Bois,-50.2092165567999,-17.17620570683815
319846.0,52015,Meia Ponte,-49.35125059671624,-17.87100451756159
87411.0,52016,Pires do Rio,-48.442558229046654,-16.95648795483831
119782.0,52017,Catalão,-47.95139610582464,-17.824497680974694
94007.0,52018,Quirinópolis,-50.94505980012204,-18.724858082276697
2097447.0,53001,Brasília,-47.79671114211876,-15.780698945209076
